age	employment_type	salary	education	marital-status	relationship	Gender	hours_per_week
39	 State-gov	77516	 Bachelors	 Never-married	 Not-in-family	 Male	40
50	 Self-emp-not-inc	83311	 Bachelors	 Married-civ-spouse	 Husband	 Male	13
38	 Private	215646	 HS-grad	 Divorced	 Not-in-family	 Male	40
53	 Private	234721	 11th	 Married-civ-spouse	 Husband	 Male	40
28	 Private	338409	 Bachelors	 Married-civ-spouse	 Wife	 Female	40
37	 Private	284582	 Masters	 Married-civ-spouse	 Wife	 Female	40
49	 Private	160187	 9th	 Married-spouse-absent	 Not-in-family	 Female	16
52	 Self-emp-not-inc	209642	 HS-grad	 Married-civ-spouse	 Husband	 Male	45
31	 Private	45781	 Masters	 Never-married	 Not-in-family	 Female	50
42	 Private	159449	 Bachelors	 Married-civ-spouse	 Husband	 Male	40
37	 Private	280464	 Some-college	 Married-civ-spouse	 Husband	 Male	80
30	 State-gov	141297	 Bachelors	 Married-civ-spouse	 Husband	 Male	40
23	 Private	122272	 Bachelors	 Never-married	 Own-child	 Female	30
32	 Private	205019	 Assoc-acdm	 Never-married	 Not-in-family	 Male	50
40	 Private	121772	 Assoc-voc	 Married-civ-spouse	 Husband	 Male	40
34	 Private	245487	 7th-8th	 Married-civ-spouse	 Husband	 Male	45
25	 Self-emp-not-inc	176756	 HS-grad	 Never-married	 Own-child	 Male	35
32	 Private	186824	 HS-grad	 Never-married	 Unmarried	 Male	40
38	 Private	28887	 11th	 Married-civ-spouse	 Husband	 Male	50
43	 Self-emp-not-inc	292175	 Masters	 Divorced	 Unmarried	 Female	45
40	 Private	193524	 Doctorate	 Married-civ-spouse	 Husband	 Male	60
54	 Private	302146	 HS-grad	 Separated	 Unmarried	 Female	20
35	 Federal-gov	76845	 9th	 Married-civ-spouse	 Husband	 Male	40
43	 Private	117037	 11th	 Married-civ-spouse	 Husband	 Male	40
59	 Private	109015	 HS-grad	 Divorced	 Unmarried	 Female	40
56	 Local-gov	216851	 Bachelors	 Married-civ-spouse	 Husband	 Male	40
19	 Private	168294	 HS-grad	 Never-married	 Own-child	 Male	40
54	 ?	180211	 Some-college	 Married-civ-spouse	 Husband	 Male	60
39	 Private	367260	 HS-grad	 Divorced	 Not-in-family	 Male	80
49	 Private	193366	 HS-grad	 Married-civ-spouse	 Husband	 Male	40
23	 Local-gov	190709	 Assoc-acdm	 Never-married	 Not-in-family	 Male	52
20	 Private	266015	 Some-college	 Never-married	 Own-child	 Male	44
45	 Private	386940	 Bachelors	 Divorced	 Own-child	 Male	40
30	 Federal-gov	59951	 Some-college	 Married-civ-spouse	 Own-child	 Male	40
22	 State-gov	311512	 Some-college	 Married-civ-spouse	 Husband	 Male	15
48	 Private	242406	 11th	 Never-married	 Unmarried	 Male	40
21	 Private	197200	 Some-college	 Never-married	 Own-child	 Male	40
19	 Private	544091	 HS-grad	 Married-AF-spouse	 Wife	 Female	25
31	 Private	84154	 Some-college	 Married-civ-spouse	 Husband	 Male	38
48	 Self-emp-not-inc	265477	 Assoc-acdm	 Married-civ-spouse	 Husband	 Male	40
31	 Private	507875	 9th	 Married-civ-spouse	 Husband	 Male	43
53	 Self-emp-not-inc	88506	 Bachelors	 Married-civ-spouse	 Husband	 Male	40
24	 Private	172987	 Bachelors	 Married-civ-spouse	 Husband	 Male	50
49	 Private	94638	 HS-grad	 Separated	 Unmarried	 Female	40
25	 Private	289980	 HS-grad	 Never-married	 Not-in-family	 Male	35
57	 Federal-gov	337895	 Bachelors	 Married-civ-spouse	 Husband	 Male	40
53	 Private	144361	 HS-grad	 Married-civ-spouse	 Husband	 Male	38
44	 Private	128354	 Masters	 Divorced	 Unmarried	 Female	40
41	 State-gov	101603	 Assoc-voc	 Married-civ-spouse	 Husband	 Male	40
29	 Private	271466	 Assoc-voc	 Never-married	 Not-in-family	 Male	43
25	 Private	32275	 Some-college	 Married-civ-spouse	 Wife	 Female	40
18	 Private	226956	 HS-grad	 Never-married	 Own-child	 Female	30
47	 Private	51835	 Prof-school	 Married-civ-spouse	 Wife	 Female	60
50	 Federal-gov	251585	 Bachelors	 Divorced	 Not-in-family	 Male	55
47	 Self-emp-inc	109832	 HS-grad	 Divorced	 Not-in-family	 Male	60
43	 Private	237993	 Some-college	 Married-civ-spouse	 Husband	 Male	40
46	 Private	216666	 5th-6th	 Married-civ-spouse	 Husband	 Male	40
35	 Private	56352	 Assoc-voc	 Married-civ-spouse	 Husband	 Male	40
41	 Private	147372	 HS-grad	 Married-civ-spouse	 Husband	 Male	48
30	 Private	188146	 HS-grad	 Married-civ-spouse	 Husband	 Male	40
30	 Private	59496	 Bachelors	 Married-civ-spouse	 Husband	 Male	40
32	 ?	293936	 7th-8th	 Married-spouse-absent	 Not-in-family	 Male	40
48	 Private	149640	 HS-grad	 Married-civ-spouse	 Husband	 Male	40
42	 Private	116632	 Doctorate	 Married-civ-spouse	 Husband	 Male	45
29	 Private	105598	 Some-college	 Divorced	 Not-in-family	 Male	58
36	 Private	155537	 HS-grad	 Married-civ-spouse	 Husband	 Male	40
28	 Private	183175	 Some-college	 Divorced	 Not-in-family	 Female	40
53	 Private	169846	 HS-grad	 Married-civ-spouse	 Wife	 Female	40
49	 Self-emp-inc	191681	 Some-college	 Married-civ-spouse	 Husband	 Male	50
25	 ?	200681	 Some-college	 Never-married	 Own-child	 Male	40
19	 Private	101509	 Some-college	 Never-married	 Own-child	 Male	32
31	 Private	309974	 Bachelors	 Separated	 Own-child	 Female	40
29	 Self-emp-not-inc	162298	 Bachelors	 Married-civ-spouse	 Husband	 Male	70
23	 Private	211678	 Some-college	 Never-married	 Not-in-family	 Male	40
79	 Private	124744	 Some-college	 Married-civ-spouse	 Other-relative	 Male	20
27	 Private	213921	 HS-grad	 Never-married	 Own-child	 Male	40
40	 Private	32214	 Assoc-acdm	 Married-civ-spouse	 Husband	 Male	40
67	 ?	212759	 10th	 Married-civ-spouse	 Husband	 Male	2
18	 Private	309634	 11th	 Never-married	 Own-child	 Female	22
31	 Local-gov	125927	 7th-8th	 Married-civ-spouse	 Husband	 Male	40
18	 Private	446839	 HS-grad	 Never-married	 Not-in-family	 Male	30
52	 Private	276515	 Bachelors	 Married-civ-spouse	 Husband	 Male	40
46	 Private	51618	 HS-grad	 Married-civ-spouse	 Wife	 Female	40
59	 Private	159937	 HS-grad	 Married-civ-spouse	 Husband	 Male	48
44	 Private	343591	 HS-grad	 Divorced	 Not-in-family	 Female	40
53	 Private	346253	 HS-grad	 Divorced	 Own-child	 Female	35
49	 Local-gov	268234	 HS-grad	 Married-civ-spouse	 Husband	 Male	40
33	 Private	202051	 Masters	 Married-civ-spouse	 Husband	 Male	50
30	 Private	54334	 9th	 Never-married	 Not-in-family	 Male	40
43	 Federal-gov	410867	 Doctorate	 Never-married	 Not-in-family	 Female	50
57	 Private	249977	 Assoc-voc	 Married-civ-spouse	 Husband	 Male	40
37	 Private	286730	 Some-college	 Divorced	 Unmarried	 Female	40
28	 Private	212563	 Some-college	 Divorced	 Unmarried	 Female	25
30	 Private	117747	 HS-grad	 Married-civ-spouse	 Wife	 Female	35
34	 Local-gov	226296	 Bachelors	 Married-civ-spouse	 Husband	 Male	40
29	 Local-gov	115585	 Some-college	 Never-married	 Not-in-family	 Male	50
48	 Self-emp-not-inc	191277	 Doctorate	 Married-civ-spouse	 Husband	 Male	60
37	 Private	202683	 Some-college	 Married-civ-spouse	 Husband	 Male	48
48	 Private	171095	 Assoc-acdm	 Divorced	 Unmarried	 Female	40
32	 Federal-gov	249409	 HS-grad	 Never-married	 Own-child	 Male	40
76	 Private	124191	 Masters	 Married-civ-spouse	 Husband	 Male	40
44	 Private	198282	 Bachelors	 Married-civ-spouse	 Husband	 Male	60
47	 Self-emp-not-inc	149116	 Masters	 Never-married	 Not-in-family	 Female	50
20	 Private	188300	 Some-college	 Never-married	 Own-child	 Female	40
29	 Private	103432	 HS-grad	 Never-married	 Not-in-family	 Male	40
32	 Self-emp-inc	317660	 HS-grad	 Married-civ-spouse	 Husband	 Male	40
17	 ?	304873	 10th	 Never-married	 Own-child	 Female	32
30	 Private	194901	 11th	 Never-married	 Own-child	 Male	40
31	 Local-gov	189265	 HS-grad	 Never-married	 Not-in-family	 Female	40
42	 Private	124692	 HS-grad	 Married-civ-spouse	 Husband	 Male	40
24	 Private	432376	 Bachelors	 Never-married	 Other-relative	 Male	40
38	 Private	65324	 Prof-school	 Married-civ-spouse	 Husband	 Male	40
56	 Self-emp-not-inc	335605	 HS-grad	 Married-civ-spouse	 Husband	 Male	50
28	 Private	377869	 Some-college	 Married-civ-spouse	 Wife	 Female	25
36	 Private	102864	 HS-grad	 Never-married	 Own-child	 Female	40
53	 Private	95647	 9th	 Married-civ-spouse	 Husband	 Male	50
56	 Self-emp-inc	303090	 Some-college	 Married-civ-spouse	 Husband	 Male	50
49	 Local-gov	197371	 Assoc-voc	 Married-civ-spouse	 Husband	 Male	40
55	 Private	247552	 Some-college	 Married-civ-spouse	 Husband	 Male	56
22	 Private	102632	 HS-grad	 Never-married	 Not-in-family	 Male	41
21	 Private	199915	 Some-college	 Never-married	 Own-child	 Female	40
40	 Private	118853	 Bachelors	 Married-civ-spouse	 Husband	 Male	60
30	 Private	77143	 Bachelors	 Never-married	 Own-child	 Male	40
29	 State-gov	267989	 Bachelors	 Married-civ-spouse	 Husband	 Male	50
19	 Private	301606	 Some-college	 Never-married	 Own-child	 Male	35
47	 Private	287828	 Bachelors	 Married-civ-spouse	 Wife	 Female	40
20	 Private	111697	 Some-college	 Never-married	 Own-child	 Female	28
31	 Private	114937	 Assoc-acdm	 Married-civ-spouse	 Husband	 Male	40
35	 ?	129305	 HS-grad	 Married-civ-spouse	 Husband	 Male	40
39	 Private	365739	 Some-college	 Divorced	 Not-in-family	 Male	40
28	 Private	69621	 Assoc-acdm	 Never-married	 Not-in-family	 Female	60
24	 Private	43323	 HS-grad	 Never-married	 Not-in-family	 Female	40
38	 Self-emp-not-inc	120985	 HS-grad	 Married-civ-spouse	 Husband	 Male	35
37	 Private	254202	 Bachelors	 Married-civ-spouse	 Husband	 Male	50
46	 Private	146195	 Assoc-acdm	 Divorced	 Not-in-family	 Female	36
38	 Federal-gov	125933	 Masters	 Married-civ-spouse	 Husband	 Male	40
43	 Self-emp-not-inc	56920	 HS-grad	 Married-civ-spouse	 Husband	 Male	60
27	 Private	163127	 Assoc-voc	 Married-civ-spouse	 Wife	 Female	35
20	 Private	34310	 Some-college	 Never-married	 Own-child	 Male	20
49	 Private	81973	 Some-college	 Married-civ-spouse	 Husband	 Male	40
61	 Self-emp-inc	66614	 HS-grad	 Married-civ-spouse	 Husband	 Male	40
27	 Private	232782	 Some-college	 Never-married	 Own-child	 Female	40
19	 Private	316868	 Some-college	 Never-married	 Own-child	 Male	30
45	 Private	196584	 Assoc-voc	 Never-married	 Not-in-family	 Female	40
70	 Private	105376	 Some-college	 Never-married	 Other-relative	 Male	40
31	 Private	185814	 HS-grad	 Never-married	 Unmarried	 Female	30
22	 Private	175374	 Some-college	 Married-civ-spouse	 Husband	 Male	24
36	 Private	108293	 HS-grad	 Widowed	 Unmarried	 Female	24
64	 Private	181232	 11th	 Married-civ-spouse	 Husband	 Male	40
43	 ?	174662	 Some-college	 Divorced	 Not-in-family	 Female	40
47	 Local-gov	186009	 Some-college	 Divorced	 Unmarried	 Female	38
34	 Private	198183	 HS-grad	 Never-married	 Not-in-family	 Female	40
33	 Private	163003	 Bachelors	 Never-married	 Other-relative	 Female	40
21	 Private	296158	 HS-grad	 Never-married	 Own-child	 Male	35
52	 ?	252903	 HS-grad	 Divorced	 Not-in-family	 Male	45
48	 Private	187715	 HS-grad	 Married-civ-spouse	 Husband	 Male	46
23	 Private	214542	 Bachelors	 Never-married	 Not-in-family	 Male	40
71	 Self-emp-not-inc	494223	 Some-college	 Separated	 Unmarried	 Male	2
29	 Private	191535	 HS-grad	 Divorced	 Not-in-family	 Male	60
42	 Private	228456	 Bachelors	 Separated	 Other-relative	 Male	50
68	 ?	38317	 1st-4th	 Divorced	 Not-in-family	 Female	20
25	 Private	252752	 HS-grad	 Never-married	 Unmarried	 Female	40
44	 Self-emp-inc	78374	 Masters	 Divorced	 Unmarried	 Female	40
28	 Private	88419	 HS-grad	 Never-married	 Not-in-family	 Female	40
45	 Self-emp-not-inc	201080	 Masters	 Married-civ-spouse	 Husband	 Male	40
36	 Private	207157	 Some-college	 Divorced	 Unmarried	 Female	40
39	 Federal-gov	235485	 Assoc-acdm	 Never-married	 Not-in-family	 Male	42
46	 State-gov	102628	 Masters	 Widowed	 Unmarried	 Male	40
18	 Private	25828	 11th	 Never-married	 Own-child	 Male	16
66	 Local-gov	54826	 Assoc-voc	 Widowed	 Not-in-family	 Female	20
27	 Private	124953	 HS-grad	 Never-married	 Not-in-family	 Male	40
28	 State-gov	175325	 HS-grad	 Married-civ-spouse	 Husband	 Male	40
51	 Private	96062	 Some-college	 Married-civ-spouse	 Husband	 Male	40
27	 Private	428030	 Bachelors	 Never-married	 Not-in-family	 Male	50
28	 State-gov	149624	 Bachelors	 Married-civ-spouse	 Husband	 Male	40
27	 Private	253814	 HS-grad	 Married-spouse-absent	 Unmarried	 Female	25
21	 Private	312956	 HS-grad	 Never-married	 Own-child	 Male	40
34	 Private	483777	 HS-grad	 Never-married	 Not-in-family	 Male	40
18	 Private	183930	 HS-grad	 Never-married	 Own-child	 Male	12
33	 Private	37274	 Bachelors	 Married-civ-spouse	 Husband	 Male	65
44	 Local-gov	181344	 Some-college	 Married-civ-spouse	 Husband	 Male	38
43	 Private	114580	 Some-college	 Divorced	 Not-in-family	 Female	40
30	 Private	633742	 Some-college	 Never-married	 Not-in-family	 Male	45
40	 Private	286370	 7th-8th	 Married-civ-spouse	 Husband	 Male	40
37	 Federal-gov	29054	 Some-college	 Married-civ-spouse	 Husband	 Male	42
34	 Private	304030	 HS-grad	 Married-civ-spouse	 Husband	 Male	40
41	 Self-emp-not-inc	143129	 Bachelors	 Divorced	 Not-in-family	 Female	40
53	 ?	135105	 Bachelors	 Divorced	 Not-in-family	 Female	50
31	 Private	99928	 Masters	 Married-civ-spouse	 Wife	 Female	50
58	 State-gov	109567	 Doctorate	 Married-civ-spouse	 Husband	 Male	1
38	 Private	155222	 Some-college	 Divorced	 Not-in-family	 Female	28
24	 Private	159567	 Some-college	 Married-civ-spouse	 Husband	 Male	40
41	 Local-gov	523910	 Bachelors	 Married-civ-spouse	 Husband	 Male	40
47	 Private	120939	 Some-college	 Married-civ-spouse	 Husband	 Male	45
41	 Federal-gov	130760	 Bachelors	 Married-civ-spouse	 Husband	 Male	24
23	 Private	197387	 5th-6th	 Married-civ-spouse	 Other-relative	 Male	40
36	 Private	99374	 Some-college	 Divorced	 Not-in-family	 Male	40
40	 Federal-gov	56795	 Masters	 Never-married	 Not-in-family	 Female	55
35	 Private	138992	 Masters	 Married-civ-spouse	 Other-relative	 Male	40
24	 Self-emp-not-inc	32921	 HS-grad	 Never-married	 Not-in-family	 Male	40
26	 Private	397317	 Masters	 Never-married	 Not-in-family	 Female	40
19	 ?	170653	 HS-grad	 Never-married	 Own-child	 Male	40
51	 Private	259323	 Bachelors	 Married-civ-spouse	 Husband	 Male	50
42	 Local-gov	254817	 Some-college	 Never-married	 Not-in-family	 Female	40
37	 State-gov	48211	 HS-grad	 Divorced	 Unmarried	 Female	35
18	 Private	140164	 11th	 Never-married	 Own-child	 Female	40
36	 Private	128757	 Bachelors	 Married-civ-spouse	 Husband	 Male	36
35	 Private	36270	 HS-grad	 Divorced	 Not-in-family	 Male	60
58	 Self-emp-inc	210563	 HS-grad	 Married-civ-spouse	 Wife	 Female	35
17	 Private	65368	 11th	 Never-married	 Own-child	 Female	12
44	 Local-gov	160943	 HS-grad	 Married-civ-spouse	 Husband	 Male	40
37	 Private	208358	 HS-grad	 Married-civ-spouse	 Husband	 Male	40
35	 Private	153790	 Some-college	 Never-married	 Not-in-family	 Female	40
60	 Private	85815	 HS-grad	 Married-civ-spouse	 Husband	 Male	40
54	 Self-emp-inc	125417	 7th-8th	 Married-civ-spouse	 Husband	 Male	40
37	 Private	635913	 Bachelors	 Never-married	 Not-in-family	 Male	60
50	 Private	313321	 Assoc-acdm	 Divorced	 Not-in-family	 Female	40
38	 Private	182609	 Bachelors	 Married-civ-spouse	 Husband	 Male	50
45	 Private	109434	 Bachelors	 Married-civ-spouse	 Husband	 Male	55
25	 Private	255004	 10th	 Never-married	 Not-in-family	 Male	40
31	 Private	197860	 Some-college	 Married-civ-spouse	 Husband	 Male	40
64	 ?	187656	 1st-4th	 Divorced	 Not-in-family	 Male	40
90	 Private	51744	 HS-grad	 Never-married	 Not-in-family	 Male	40
54	 Private	176681	 HS-grad	 Married-civ-spouse	 Husband	 Male	20
53	 Local-gov	140359	 Preschool	 Never-married	 Not-in-family	 Female	35
18	 Private	243313	 HS-grad	 Never-married	 Own-child	 Female	40
60	 ?	24215	 10th	 Divorced	 Not-in-family	 Female	10
66	 Self-emp-not-inc	167687	 HS-grad	 Married-civ-spouse	 Husband	 Male	50
75	 Private	314209	 Assoc-voc	 Widowed	 Not-in-family	 Female	20
65	 Private	176796	 HS-grad	 Divorced	 Not-in-family	 Female	40
35	 Private	538583	 11th	 Separated	 Not-in-family	 Male	40
41	 Private	130408	 HS-grad	 Divorced	 Unmarried	 Female	38
25	 Private	159732	 Some-college	 Never-married	 Not-in-family	 Male	42
33	 Private	110978	 Some-college	 Divorced	 Other-relative	 Female	40
28	 Private	76714	 Prof-school	 Never-married	 Not-in-family	 Male	55
59	 State-gov	268700	 HS-grad	 Married-civ-spouse	 Husband	 Male	40
40	 State-gov	170525	 Some-college	 Never-married	 Not-in-family	 Female	38
41	 Private	180138	 Bachelors	 Married-civ-spouse	 Husband	 Male	50
38	 Local-gov	115076	 Masters	 Married-civ-spouse	 Husband	 Male	70
23	 Private	115458	 HS-grad	 Never-married	 Own-child	 Male	40
40	 Private	347890	 Bachelors	 Married-civ-spouse	 Husband	 Male	40
41	 Self-emp-not-inc	196001	 HS-grad	 Married-civ-spouse	 Wife	 Female	20
24	 State-gov	273905	 Assoc-acdm	 Married-civ-spouse	 Husband	 Male	50
20	 ?	119156	 Some-college	 Never-married	 Own-child	 Male	20
38	 Private	179488	 Some-college	 Divorced	 Not-in-family	 Male	40
56	 Private	203580	 HS-grad	 Married-civ-spouse	 Husband	 Male	35
58	 Private	236596	 HS-grad	 Married-civ-spouse	 Husband	 Male	45
32	 Private	183916	 HS-grad	 Never-married	 Not-in-family	 Female	34
40	 Private	207578	 Assoc-acdm	 Married-civ-spouse	 Husband	 Male	60
45	 Private	153141	 HS-grad	 Married-civ-spouse	 Husband	 Male	40
41	 Private	112763	 Prof-school	 Married-civ-spouse	 Wife	 Female	40
42	 Private	390781	 Bachelors	 Married-civ-spouse	 Wife	 Female	40
59	 Local-gov	171328	 10th	 Widowed	 Unmarried	 Female	30
19	 Local-gov	27382	 Some-college	 Never-married	 Own-child	 Male	40
58	 Private	259014	 Some-college	 Never-married	 Not-in-family	 Male	20
42	 Self-emp-not-inc	303044	 HS-grad	 Married-civ-spouse	 Husband	 Male	40
20	 Private	117789	 HS-grad	 Never-married	 Own-child	 Female	40
32	 Private	172579	 HS-grad	 Separated	 Not-in-family	 Female	30
45	 Private	187666	 Assoc-voc	 Widowed	 Not-in-family	 Female	45
50	 Private	204518	 7th-8th	 Divorced	 Not-in-family	 Male	40
36	 Private	150042	 Bachelors	 Divorced	 Own-child	 Female	40
45	 Private	98092	 HS-grad	 Married-civ-spouse	 Husband	 Male	60
17	 Private	245918	 11th	 Never-married	 Own-child	 Male	12
59	 Private	146013	 Some-college	 Married-civ-spouse	 Husband	 Male	40
26	 Private	378322	 11th	 Married-civ-spouse	 Husband	 Male	40
37	 Self-emp-inc	257295	 Some-college	 Married-civ-spouse	 Husband	 Male	75
19	 ?	218956	 Some-college	 Never-married	 Own-child	 Male	24
64	 Private	21174	 HS-grad	 Married-civ-spouse	 Husband	 Male	40
33	 Private	185480	 Bachelors	 Never-married	 Not-in-family	 Female	45
33	 Private	222205	 HS-grad	 Married-civ-spouse	 Wife	 Female	40
61	 Private	69867	 HS-grad	 Married-civ-spouse	 Husband	 Male	40
17	 Private	191260	 9th	 Never-married	 Own-child	 Male	24
50	 Self-emp-not-inc	30653	 Masters	 Married-civ-spouse	 Husband	 Male	98
27	 Local-gov	209109	 Masters	 Never-married	 Own-child	 Male	35
30	 Private	70377	 HS-grad	 Divorced	 Own-child	 Female	40
43	 Private	477983	 HS-grad	 Married-civ-spouse	 Husband	 Male	40
44	 Private	170924	 Some-college	 Married-civ-spouse	 Husband	 Male	40
35	 Private	190174	 Some-college	 Never-married	 Not-in-family	 Female	40
25	 Private	193787	 Some-college	 Never-married	 Own-child	 Female	40
24	 Private	279472	 Some-college	 Married-civ-spouse	 Wife	 Female	48
22	 Private	34918	 Bachelors	 Never-married	 Not-in-family	 Female	15
42	 Local-gov	97688	 Some-college	 Married-civ-spouse	 Husband	 Male	40
34	 Private	175413	 Assoc-acdm	 Divorced	 Unmarried	 Female	45
60	 Private	173960	 Bachelors	 Divorced	 Not-in-family	 Female	42
21	 Private	205759	 HS-grad	 Never-married	 Own-child	 Male	40
57	 Federal-gov	425161	 Masters	 Married-civ-spouse	 Husband	 Male	40
41	 Private	220531	 Prof-school	 Married-civ-spouse	 Husband	 Male	60
50	 Private	176609	 Some-college	 Divorced	 Not-in-family	 Male	45
25	 Private	371987	 Bachelors	 Never-married	 Not-in-family	 Female	40
50	 Private	193884	 7th-8th	 Married-civ-spouse	 Husband	 Male	40
36	 Private	200352	 Bachelors	 Married-civ-spouse	 Husband	 Male	45
31	 Private	127595	 HS-grad	 Divorced	 Not-in-family	 Female	40
29	 Local-gov	220419	 Bachelors	 Never-married	 Not-in-family	 Male	56
21	 Private	231931	 Some-college	 Never-married	 Own-child	 Male	45
27	 Private	248402	 Bachelors	 Never-married	 Unmarried	 Female	40
65	 Private	111095	 HS-grad	 Married-civ-spouse	 Husband	 Male	16
37	 Self-emp-inc	57424	 Bachelors	 Divorced	 Not-in-family	 Female	60
39	 ?	157443	 Masters	 Married-civ-spouse	 Wife	 Female	40
24	 Private	278130	 HS-grad	 Never-married	 Own-child	 Male	40
38	 Private	169469	 HS-grad	 Divorced	 Not-in-family	 Male	80
48	 Private	146268	 Bachelors	 Married-civ-spouse	 Husband	 Male	40
21	 Private	153718	 Some-college	 Never-married	 Not-in-family	 Female	25
31	 Private	217460	 HS-grad	 Married-civ-spouse	 Husband	 Male	45
55	 Private	238638	 HS-grad	 Married-civ-spouse	 Husband	 Male	40
24	 Private	303296	 Some-college	 Married-civ-spouse	 Wife	 Female	40
43	 Private	173321	 HS-grad	 Divorced	 Not-in-family	 Female	40
26	 Private	193945	 Assoc-acdm	 Never-married	 Not-in-family	 Male	45
46	 Private	83082	 Assoc-acdm	 Never-married	 Not-in-family	 Female	33
35	 Private	193815	 Assoc-acdm	 Married-civ-spouse	 Husband	 Male	40
41	 Self-emp-inc	34987	 Some-college	 Married-civ-spouse	 Husband	 Male	54
26	 Private	59306	 Bachelors	 Never-married	 Not-in-family	 Male	40
34	 Private	142897	 Masters	 Married-civ-spouse	 Husband	 Male	35
19	 ?	860348	 Some-college	 Never-married	 Own-child	 Female	25
36	 Self-emp-not-inc	205607	 Bachelors	 Divorced	 Not-in-family	 Female	40
22	 Private	199698	 Some-college	 Never-married	 Own-child	 Male	15
24	 Private	191954	 Some-college	 Never-married	 Not-in-family	 Male	40
77	 Self-emp-not-inc	138714	 Some-college	 Married-civ-spouse	 Husband	 Male	40
22	 Private	399087	 5th-6th	 Married-civ-spouse	 Other-relative	 Female	40
29	 Private	423158	 Some-college	 Never-married	 Not-in-family	 Female	40
62	 Private	159841	 HS-grad	 Widowed	 Not-in-family	 Female	24
39	 Self-emp-not-inc	174308	 HS-grad	 Married-civ-spouse	 Husband	 Male	40
43	 Private	50356	 Some-college	 Married-civ-spouse	 Husband	 Male	50
35	 Private	186110	 HS-grad	 Divorced	 Not-in-family	 Male	45
29	 Private	200381	 11th	 Never-married	 Not-in-family	 Female	40
76	 Self-emp-not-inc	174309	 Masters	 Married-civ-spouse	 Husband	 Male	10
63	 Self-emp-not-inc	78383	 HS-grad	 Married-civ-spouse	 Husband	 Male	45
23	 ?	211601	 Assoc-voc	 Never-married	 Own-child	 Female	15
43	 Private	187728	 Some-college	 Married-civ-spouse	 Wife	 Female	50
58	 Self-emp-not-inc	321171	 HS-grad	 Married-civ-spouse	 Husband	 Male	40
66	 Private	127921	 HS-grad	 Never-married	 Not-in-family	 Male	55
41	 Private	206565	 Some-college	 Never-married	 Not-in-family	 Male	45
26	 Private	224563	 Bachelors	 Never-married	 Not-in-family	 Male	40
47	 Private	178686	 Assoc-voc	 Never-married	 Not-in-family	 Male	40
55	 Local-gov	98545	 10th	 Married-civ-spouse	 Husband	 Male	40
53	 Private	242606	 HS-grad	 Married-civ-spouse	 Husband	 Male	40
17	 Private	270942	 5th-6th	 Never-married	 Other-relative	 Male	48
30	 Private	94235	 HS-grad	 Never-married	 Other-relative	 Male	40
49	 Private	71195	 Masters	 Never-married	 Not-in-family	 Male	60
19	 Private	104112	 HS-grad	 Never-married	 Unmarried	 Male	30
45	 Private	261192	 HS-grad	 Married-civ-spouse	 Husband	 Male	40
26	 Private	94936	 Assoc-acdm	 Never-married	 Not-in-family	 Male	40
38	 Private	296478	 Assoc-voc	 Married-civ-spouse	 Husband	 Male	40
36	 State-gov	119272	 HS-grad	 Married-civ-spouse	 Husband	 Male	40
33	 Private	85043	 HS-grad	 Never-married	 Not-in-family	 Male	20
22	 State-gov	293364	 Some-college	 Never-married	 Own-child	 Female	40
43	 Self-emp-not-inc	241895	 Bachelors	 Never-married	 Not-in-family	 Male	42
67	 ?	36135	 11th	 Married-civ-spouse	 Husband	 Male	8
30	 ?	151989	 Assoc-voc	 Divorced	 Unmarried	 Female	40
56	 Private	101128	 Assoc-acdm	 Married-spouse-absent	 Not-in-family	 Male	25
31	 Private	156464	 Bachelors	 Never-married	 Own-child	 Male	25
33	 Private	117963	 Bachelors	 Married-civ-spouse	 Husband	 Male	40
26	 Private	192262	 HS-grad	 Married-civ-spouse	 Husband	 Male	40
33	 Private	111363	 Bachelors	 Married-civ-spouse	 Husband	 Male	40
46	 Local-gov	329752	 11th	 Married-civ-spouse	 Husband	 Male	30
59	 ?	372020	 Bachelors	 Married-civ-spouse	 Husband	 Male	40
38	 Federal-gov	95432	 HS-grad	 Married-civ-spouse	 Husband	 Male	40
65	 Private	161400	 11th	 Widowed	 Unmarried	 Male	40
40	 Private	96129	 Assoc-voc	 Married-civ-spouse	 Husband	 Male	40
42	 Private	111949	 HS-grad	 Married-civ-spouse	 Wife	 Female	35
26	 Self-emp-not-inc	117125	 9th	 Married-civ-spouse	 Husband	 Male	40
36	 Private	348022	 10th	 Married-civ-spouse	 Wife	 Female	24
62	 Private	270092	 Masters	 Married-civ-spouse	 Husband	 Male	40
43	 Private	180609	 Bachelors	 Married-civ-spouse	 Husband	 Male	45
43	 Private	174575	 Bachelors	 Divorced	 Not-in-family	 Male	45
22	 Private	410439	 HS-grad	 Married-spouse-absent	 Not-in-family	 Male	55
28	 Private	92262	 HS-grad	 Married-civ-spouse	 Husband	 Male	40
56	 Self-emp-not-inc	183081	 Some-college	 Married-civ-spouse	 Husband	 Male	45
22	 Private	362589	 Assoc-acdm	 Never-married	 Not-in-family	 Female	15
57	 Private	212448	 Bachelors	 Divorced	 Not-in-family	 Female	45
39	 Private	481060	 HS-grad	 Divorced	 Unmarried	 Female	40
26	 Federal-gov	185885	 Some-college	 Never-married	 Unmarried	 Female	15
17	 Private	89821	 11th	 Never-married	 Own-child	 Male	10
40	 State-gov	184018	 Assoc-voc	 Married-civ-spouse	 Husband	 Male	38
45	 Private	256649	 HS-grad	 Married-civ-spouse	 Husband	 Male	40
44	 Private	160323	 HS-grad	 Never-married	 Not-in-family	 Male	40
20	 Local-gov	350845	 Some-college	 Never-married	 Own-child	 Female	10
33	 Private	267404	 HS-grad	 Married-civ-spouse	 Wife	 Female	40
23	 Private	35633	 Some-college	 Never-married	 Not-in-family	 Male	40
46	 Self-emp-not-inc	80914	 Masters	 Divorced	 Not-in-family	 Male	30
38	 Private	172927	 HS-grad	 Married-civ-spouse	 Husband	 Male	50
54	 Private	174319	 HS-grad	 Divorced	 Not-in-family	 Male	40
46	 Private	214955	 5th-6th	 Divorced	 Not-in-family	 Female	45
25	 Private	344991	 Some-college	 Married-civ-spouse	 Husband	 Male	40
46	 Private	108699	 Some-college	 Divorced	 Not-in-family	 Female	40
36	 Local-gov	117312	 Some-college	 Married-civ-spouse	 Wife	 Female	40
23	 Private	396099	 HS-grad	 Never-married	 Not-in-family	 Female	25
29	 Private	134152	 HS-grad	 Separated	 Not-in-family	 Male	40
44	 Private	162028	 Some-college	 Married-civ-spouse	 Wife	 Female	6
19	 Private	25429	 Some-college	 Never-married	 Own-child	 Female	16
19	 Private	232392	 HS-grad	 Never-married	 Other-relative	 Female	40
35	 Private	220098	 HS-grad	 Married-civ-spouse	 Wife	 Female	40
27	 Private	301302	 Bachelors	 Never-married	 Not-in-family	 Male	50
46	 Self-emp-not-inc	277946	 Assoc-acdm	 Separated	 Not-in-family	 Male	40
34	 State-gov	98101	 Bachelors	 Married-civ-spouse	 Husband	 Male	45
34	 Private	196164	 HS-grad	 Never-married	 Not-in-family	 Female	35
44	 Private	115562	 Some-college	 Married-civ-spouse	 Husband	 Male	40
45	 Private	96975	 Some-college	 Divorced	 Unmarried	 Female	40
20	 ?	137300	 HS-grad	 Never-married	 Other-relative	 Female	35
25	 Private	86872	 Bachelors	 Married-civ-spouse	 Husband	 Male	55
52	 Self-emp-inc	132178	 Bachelors	 Married-civ-spouse	 Husband	 Male	50
20	 Private	416103	 Some-college	 Never-married	 Own-child	 Male	40
28	 Private	108574	 Some-college	 Never-married	 Not-in-family	 Female	40
50	 State-gov	288353	 Bachelors	 Married-civ-spouse	 Husband	 Male	40
34	 Private	227689	 Assoc-voc	 Divorced	 Not-in-family	 Female	64
28	 Private	166481	 7th-8th	 Married-civ-spouse	 Husband	 Male	40
41	 Private	445382	 Masters	 Married-civ-spouse	 Husband	 Male	65
28	 Private	110145	 HS-grad	 Married-civ-spouse	 Husband	 Male	40
46	 Self-emp-not-inc	317253	 HS-grad	 Married-civ-spouse	 Husband	 Male	25
28	 ?	123147	 Some-college	 Married-civ-spouse	 Wife	 Female	40
32	 Private	364657	 Some-college	 Married-civ-spouse	 Husband	 Male	50
41	 Local-gov	42346	 Some-college	 Divorced	 Not-in-family	 Female	24
24	 Private	241951	 HS-grad	 Never-married	 Unmarried	 Female	40
33	 Private	118500	 Some-college	 Divorced	 Unmarried	 Female	40
46	 Private	188386	 Doctorate	 Married-civ-spouse	 Husband	 Male	60
31	 State-gov	1033222	 Some-college	 Married-civ-spouse	 Husband	 Male	40
35	 Private	92440	 12th	 Divorced	 Not-in-family	 Male	50
52	 Private	190762	 1st-4th	 Married-civ-spouse	 Husband	 Male	40
30	 Private	426017	 11th	 Never-married	 Own-child	 Female	19
34	 Local-gov	243867	 11th	 Separated	 Not-in-family	 Male	40
34	 State-gov	240283	 HS-grad	 Divorced	 Unmarried	 Female	40
20	 Private	61777	 Some-college	 Married-civ-spouse	 Husband	 Male	30
17	 Private	175024	 11th	 Never-married	 Own-child	 Male	18
32	 State-gov	92003	 Bachelors	 Married-civ-spouse	 Wife	 Female	40
29	 Private	188401	 HS-grad	 Divorced	 Not-in-family	 Male	40
33	 Private	228528	 10th	 Never-married	 Unmarried	 Female	35
25	 Private	133373	 HS-grad	 Married-civ-spouse	 Husband	 Male	60
36	 Federal-gov	255191	 Masters	 Never-married	 Not-in-family	 Male	40
23	 Private	204653	 HS-grad	 Never-married	 Not-in-family	 Male	72
63	 Self-emp-inc	222289	 HS-grad	 Married-civ-spouse	 Husband	 Male	40
47	 Local-gov	287480	 Masters	 Married-civ-spouse	 Husband	 Male	40
80	 ?	107762	 HS-grad	 Widowed	 Not-in-family	 Male	24
17	 ?	202521	 11th	 Never-married	 Own-child	 Male	40
40	 Self-emp-not-inc	204116	 Bachelors	 Married-spouse-absent	 Not-in-family	 Female	40
30	 Private	29662	 Assoc-acdm	 Married-civ-spouse	 Wife	 Female	25
27	 Private	116358	 Some-college	 Never-married	 Own-child	 Male	40
33	 Private	208405	 Masters	 Married-civ-spouse	 Husband	 Male	50
34	 Local-gov	284843	 HS-grad	 Never-married	 Not-in-family	 Male	60
34	 Local-gov	117018	 Some-college	 Never-married	 Not-in-family	 Female	40
23	 Private	81281	 Some-college	 Married-civ-spouse	 Husband	 Male	40
42	 Local-gov	340148	 Some-college	 Married-civ-spouse	 Wife	 Female	40
29	 Private	363425	 Bachelors	 Never-married	 Not-in-family	 Male	40
45	 Private	45857	 HS-grad	 Divorced	 Not-in-family	 Female	28
24	 Federal-gov	191073	 HS-grad	 Never-married	 Own-child	 Male	40
44	 Private	116632	 Some-college	 Married-civ-spouse	 Husband	 Male	40
27	 Private	405855	 9th	 Never-married	 Other-relative	 Male	40
20	 Private	298227	 Some-college	 Never-married	 Not-in-family	 Male	35
44	 Private	290521	 HS-grad	 Widowed	 Unmarried	 Female	40
51	 Private	56915	 HS-grad	 Married-civ-spouse	 Husband	 Male	40
20	 Private	146538	 HS-grad	 Married-civ-spouse	 Husband	 Male	40
17	 ?	258872	 11th	 Never-married	 Own-child	 Female	5
19	 Private	206399	 HS-grad	 Never-married	 Own-child	 Female	40
45	 Self-emp-inc	197332	 Some-college	 Married-civ-spouse	 Husband	 Male	55
60	 Private	245062	 HS-grad	 Married-civ-spouse	 Husband	 Male	40
42	 Private	197583	 Assoc-acdm	 Married-civ-spouse	 Husband	 Male	40
44	 Self-emp-not-inc	234885	 HS-grad	 Married-civ-spouse	 Wife	 Female	40
40	 Private	72887	 Assoc-voc	 Married-civ-spouse	 Husband	 Male	40
30	 Private	180374	 HS-grad	 Married-civ-spouse	 Wife	 Female	40
38	 Private	351299	 Some-college	 Married-civ-spouse	 Husband	 Male	50
23	 Private	54012	 HS-grad	 Married-civ-spouse	 Husband	 Male	60
32	 ?	115745	 Some-college	 Married-civ-spouse	 Husband	 Male	40
44	 Private	116632	 Assoc-acdm	 Never-married	 Own-child	 Male	40
54	 Local-gov	288825	 HS-grad	 Married-civ-spouse	 Husband	 Male	40
32	 Private	132601	 Bachelors	 Married-civ-spouse	 Husband	 Male	50
50	 Private	193374	 1st-4th	 Married-spouse-absent	 Unmarried	 Male	40
24	 Private	170070	 Bachelors	 Never-married	 Not-in-family	 Female	20
37	 Private	126708	 HS-grad	 Married-civ-spouse	 Wife	 Female	60
52	 Private	35598	 HS-grad	 Divorced	 Unmarried	 Male	40
38	 Private	33983	 Some-college	 Married-civ-spouse	 Husband	 Male	40
49	 Private	192776	 Masters	 Married-civ-spouse	 Husband	 Male	45
30	 Private	118551	 Bachelors	 Married-civ-spouse	 Wife	 Female	16
60	 Private	201965	 Some-college	 Never-married	 Unmarried	 Male	40
22	 ?	139883	 Some-college	 Never-married	 Own-child	 Male	40
35	 Private	285020	 HS-grad	 Never-married	 Not-in-family	 Male	40
30	 Private	303990	 HS-grad	 Never-married	 Not-in-family	 Male	60
67	 Private	49401	 Assoc-voc	 Divorced	 Not-in-family	 Female	24
46	 Private	279196	 Bachelors	 Never-married	 Not-in-family	 Female	40
17	 Private	211870	 9th	 Never-married	 Not-in-family	 Male	6
22	 Private	281432	 Some-college	 Never-married	 Own-child	 Male	30
27	 Private	161155	 10th	 Never-married	 Not-in-family	 Male	40
23	 Private	197904	 HS-grad	 Never-married	 Unmarried	 Female	35
33	 Private	111746	 Assoc-acdm	 Married-civ-spouse	 Husband	 Male	45
43	 Self-emp-not-inc	170721	 Some-college	 Married-civ-spouse	 Husband	 Male	20
28	 State-gov	70100	 Bachelors	 Never-married	 Not-in-family	 Male	20
41	 Private	193626	 HS-grad	 Married-spouse-absent	 Unmarried	 Female	40
52	 ?	271749	 12th	 Never-married	 Other-relative	 Male	40
25	 Private	189775	 Some-college	 Married-spouse-absent	 Own-child	 Female	20
63	 ?	401531	 1st-4th	 Married-civ-spouse	 Husband	 Male	35
59	 Local-gov	286967	 HS-grad	 Married-civ-spouse	 Husband	 Male	45
45	 Local-gov	164427	 Bachelors	 Divorced	 Unmarried	 Female	40
38	 Private	91039	 Bachelors	 Married-civ-spouse	 Husband	 Male	60
40	 Private	347934	 HS-grad	 Never-married	 Not-in-family	 Female	35
46	 Federal-gov	371373	 HS-grad	 Divorced	 Not-in-family	 Male	40
35	 Private	32220	 Assoc-acdm	 Never-married	 Not-in-family	 Female	60
34	 Private	187251	 HS-grad	 Divorced	 Unmarried	 Female	25
33	 Private	178107	 Bachelors	 Never-married	 Own-child	 Male	20
41	 Private	343121	 HS-grad	 Divorced	 Unmarried	 Female	36
20	 Private	262749	 Some-college	 Never-married	 Own-child	 Male	40
23	 Private	403107	 5th-6th	 Never-married	 Own-child	 Male	40
26	 Private	64293	 Some-college	 Never-married	 Not-in-family	 Female	35
72	 ?	303588	 HS-grad	 Married-civ-spouse	 Husband	 Male	20
23	 Local-gov	324960	 HS-grad	 Never-married	 Not-in-family	 Male	40
62	 Local-gov	114060	 HS-grad	 Married-civ-spouse	 Husband	 Male	40
52	 Private	48925	 Some-college	 Married-civ-spouse	 Husband	 Male	40
58	 Private	180980	 Some-college	 Divorced	 Unmarried	 Female	42
25	 Private	181054	 Bachelors	 Never-married	 Not-in-family	 Female	40
24	 Private	388093	 Bachelors	 Never-married	 Not-in-family	 Male	40
19	 Private	249609	 Some-college	 Never-married	 Own-child	 Male	8
43	 Private	112131	 Some-college	 Married-civ-spouse	 Husband	 Male	40
47	 Local-gov	543162	 HS-grad	 Separated	 Unmarried	 Female	40
39	 Private	91996	 HS-grad	 Divorced	 Unmarried	 Female	40
49	 Private	141944	 Assoc-voc	 Married-spouse-absent	 Unmarried	 Male	42
53	 ?	251804	 5th-6th	 Widowed	 Unmarried	 Female	30
32	 Private	37070	 Assoc-voc	 Never-married	 Not-in-family	 Male	45
34	 Private	337587	 Some-college	 Married-civ-spouse	 Husband	 Male	50
28	 Private	189346	 HS-grad	 Divorced	 Not-in-family	 Male	45
57	 ?	222216	 Assoc-voc	 Widowed	 Unmarried	 Female	38
25	 Private	267044	 Some-college	 Never-married	 Not-in-family	 Female	20
20	 ?	214635	 Some-college	 Never-married	 Own-child	 Male	24
21	 ?	204226	 Some-college	 Never-married	 Unmarried	 Female	35
34	 Private	108116	 Bachelors	 Married-civ-spouse	 Husband	 Male	50
38	 Self-emp-inc	99146	 Bachelors	 Married-civ-spouse	 Husband	 Male	80
50	 Private	196232	 HS-grad	 Married-civ-spouse	 Husband	 Male	50
24	 Local-gov	248344	 Some-college	 Divorced	 Not-in-family	 Male	50
37	 Local-gov	186035	 Some-college	 Married-civ-spouse	 Husband	 Male	45
44	 Private	177905	 Some-college	 Divorced	 Unmarried	 Male	58
28	 Private	85812	 Some-college	 Married-civ-spouse	 Wife	 Female	40
42	 Private	221172	 Bachelors	 Married-civ-spouse	 Husband	 Male	40
74	 Private	99183	 Some-college	 Divorced	 Not-in-family	 Female	9
38	 Self-emp-not-inc	190387	 HS-grad	 Married-civ-spouse	 Husband	 Male	50
44	 Self-emp-not-inc	202692	 Masters	 Married-civ-spouse	 Husband	 Male	40
44	 Private	109339	 11th	 Divorced	 Unmarried	 Female	46
26	 Private	108658	 HS-grad	 Never-married	 Not-in-family	 Male	40
36	 Private	197202	 HS-grad	 Married-civ-spouse	 Husband	 Male	40
41	 Private	101739	 Assoc-acdm	 Married-civ-spouse	 Wife	 Female	50
67	 Private	231559	 Prof-school	 Married-civ-spouse	 Husband	 Male	48
39	 Local-gov	207853	 12th	 Married-civ-spouse	 Husband	 Male	50
57	 Private	190942	 1st-4th	 Widowed	 Not-in-family	 Female	30
29	 Private	102345	 Assoc-voc	 Separated	 Not-in-family	 Male	40
31	 Self-emp-inc	41493	 Bachelors	 Never-married	 Not-in-family	 Female	45
34	 ?	190027	 HS-grad	 Never-married	 Unmarried	 Female	40
44	 Private	210525	 Some-college	 Married-civ-spouse	 Husband	 Male	40
29	 Private	133937	 Doctorate	 Never-married	 Own-child	 Male	40
30	 Private	237903	 Some-college	 Never-married	 Unmarried	 Female	40
27	 Private	163862	 HS-grad	 Never-married	 Not-in-family	 Male	40
27	 Private	201872	 Some-college	 Married-civ-spouse	 Husband	 Male	50
32	 Private	84179	 HS-grad	 Never-married	 Not-in-family	 Female	45
58	 Private	51662	 10th	 Married-civ-spouse	 Wife	 Female	8
35	 Local-gov	233327	 Some-college	 Married-civ-spouse	 Husband	 Male	40
21	 Private	259510	 HS-grad	 Never-married	 Own-child	 Male	36
28	 Private	184831	 Some-college	 Never-married	 Unmarried	 Male	40
46	 Self-emp-not-inc	245724	 Some-college	 Divorced	 Not-in-family	 Male	50
36	 Self-emp-not-inc	27053	 HS-grad	 Separated	 Unmarried	 Female	40
72	 Private	205343	 11th	 Widowed	 Unmarried	 Female	40
35	 Private	229328	 HS-grad	 Married-civ-spouse	 Wife	 Female	40
33	 Federal-gov	319560	 Assoc-voc	 Divorced	 Unmarried	 Female	40
69	 Private	136218	 11th	 Never-married	 Not-in-family	 Female	40
35	 Private	54576	 HS-grad	 Married-civ-spouse	 Husband	 Male	40
31	 Private	323069	 HS-grad	 Separated	 Unmarried	 Female	20
34	 Private	148291	 HS-grad	 Married-civ-spouse	 Wife	 Female	32
30	 Private	152453	 11th	 Married-civ-spouse	 Husband	 Male	40
28	 Private	114053	 Bachelors	 Never-married	 Not-in-family	 Male	55
54	 Private	212960	 Bachelors	 Married-civ-spouse	 Husband	 Male	35
47	 Private	264052	 Some-college	 Married-civ-spouse	 Husband	 Male	50
24	 Private	82804	 HS-grad	 Never-married	 Unmarried	 Female	40
52	 Self-emp-not-inc	334273	 Bachelors	 Married-civ-spouse	 Husband	 Male	60
20	 Private	27337	 HS-grad	 Never-married	 Own-child	 Male	48
43	 Self-emp-inc	188436	 Masters	 Married-civ-spouse	 Husband	 Male	45
45	 Private	433665	 7th-8th	 Separated	 Unmarried	 Female	40
29	 Self-emp-not-inc	110663	 HS-grad	 Separated	 Not-in-family	 Male	35
47	 Private	87490	 Masters	 Divorced	 Unmarried	 Male	42
24	 Private	354351	 HS-grad	 Never-married	 Own-child	 Male	40
51	 Private	95469	 HS-grad	 Married-civ-spouse	 Husband	 Male	40
17	 Private	242718	 11th	 Never-married	 Own-child	 Male	12
37	 Private	22463	 Assoc-voc	 Married-civ-spouse	 Husband	 Male	40
27	 Private	158156	 Doctorate	 Never-married	 Not-in-family	 Female	70
29	 Private	350162	 Bachelors	 Married-civ-spouse	 Wife	 Male	40
18	 ?	165532	 12th	 Never-married	 Own-child	 Male	25
36	 Self-emp-not-inc	28738	 Assoc-acdm	 Divorced	 Unmarried	 Female	35
58	 Local-gov	283635	 Bachelors	 Never-married	 Not-in-family	 Female	40
26	 Self-emp-not-inc	86646	 Some-college	 Married-civ-spouse	 Husband	 Male	45
65	 ?	195733	 Some-college	 Married-civ-spouse	 Husband	 Male	30
57	 Private	69884	 HS-grad	 Married-civ-spouse	 Husband	 Male	40
59	 Private	199713	 HS-grad	 Married-civ-spouse	 Husband	 Male	40
27	 Private	181659	 HS-grad	 Married-civ-spouse	 Husband	 Male	40
31	 Self-emp-not-inc	340939	 Bachelors	 Never-married	 Not-in-family	 Male	40
21	 Private	197747	 Some-college	 Never-married	 Own-child	 Female	24
29	 Private	34292	 Some-college	 Never-married	 Not-in-family	 Male	60
18	 Private	156764	 11th	 Never-married	 Own-child	 Male	40
52	 Private	25826	 10th	 Married-civ-spouse	 Husband	 Male	47
57	 Self-emp-inc	103948	 Bachelors	 Divorced	 Not-in-family	 Male	80
42	 ?	137390	 HS-grad	 Married-civ-spouse	 Husband	 Male	40
55	 ?	105138	 HS-grad	 Married-civ-spouse	 Wife	 Female	40
60	 Private	39352	 7th-8th	 Never-married	 Not-in-family	 Male	48
31	 Private	168387	 Bachelors	 Married-civ-spouse	 Husband	 Male	40
23	 Private	117789	 Bachelors	 Never-married	 Own-child	 Female	40
27	 Private	267147	 HS-grad	 Never-married	 Own-child	 Male	40
23	 ?	99399	 Some-college	 Never-married	 Unmarried	 Female	25
42	 Self-emp-not-inc	214242	 Prof-school	 Married-civ-spouse	 Husband	 Male	50
25	 Private	200408	 Some-college	 Never-married	 Not-in-family	 Male	40
49	 Private	136455	 Bachelors	 Never-married	 Not-in-family	 Female	45
32	 Private	239824	 Bachelors	 Never-married	 Not-in-family	 Male	40
19	 Private	217039	 Some-college	 Never-married	 Own-child	 Male	28
60	 Private	51290	 7th-8th	 Divorced	 Not-in-family	 Female	40
42	 Local-gov	175674	 9th	 Married-civ-spouse	 Husband	 Male	40
35	 Self-emp-not-inc	194404	 Assoc-acdm	 Never-married	 Not-in-family	 Male	40
48	 Private	45612	 HS-grad	 Never-married	 Unmarried	 Female	37
51	 Private	410114	 Masters	 Married-civ-spouse	 Husband	 Male	40
29	 Private	182521	 HS-grad	 Never-married	 Not-in-family	 Male	40
36	 Local-gov	339772	 HS-grad	 Separated	 Not-in-family	 Male	40
17	 Private	169658	 10th	 Never-married	 Own-child	 Female	21
52	 Private	200853	 Masters	 Divorced	 Not-in-family	 Female	60
24	 Private	247564	 HS-grad	 Never-married	 Not-in-family	 Male	40
24	 Private	249909	 HS-grad	 Married-civ-spouse	 Husband	 Male	50
26	 Local-gov	208122	 Bachelors	 Never-married	 Own-child	 Male	40
27	 Private	109881	 Bachelors	 Never-married	 Own-child	 Female	20
39	 Private	207824	 HS-grad	 Never-married	 Own-child	 Male	60
30	 Private	369027	 HS-grad	 Married-civ-spouse	 Husband	 Male	45
50	 Self-emp-not-inc	114117	 HS-grad	 Married-civ-spouse	 Husband	 Male	32
52	 Self-emp-inc	51048	 Bachelors	 Married-civ-spouse	 Husband	 Male	55
46	 Private	102388	 Prof-school	 Married-civ-spouse	 Husband	 Male	45
23	 Private	190483	 Bachelors	 Never-married	 Own-child	 Female	20
45	 Private	462440	 11th	 Widowed	 Not-in-family	 Female	20
65	 Private	109351	 9th	 Widowed	 Unmarried	 Female	24
29	 Private	34383	 Assoc-voc	 Married-civ-spouse	 Husband	 Male	55
47	 Private	241832	 9th	 Married-spouse-absent	 Unmarried	 Male	40
30	 Private	124187	 HS-grad	 Never-married	 Own-child	 Male	60
34	 Private	153614	 HS-grad	 Married-civ-spouse	 Husband	 Male	45
38	 Self-emp-not-inc	267556	 HS-grad	 Married-civ-spouse	 Husband	 Male	64
33	 Private	205469	 Some-college	 Married-civ-spouse	 Husband	 Male	40
49	 Private	268090	 Bachelors	 Married-civ-spouse	 Husband	 Male	26
47	 Self-emp-not-inc	165039	 Some-college	 Never-married	 Unmarried	 Female	40
49	 Local-gov	120451	 10th	 Separated	 Unmarried	 Female	40
43	 Private	154374	 Some-college	 Married-civ-spouse	 Husband	 Male	60
30	 Private	103649	 Bachelors	 Married-civ-spouse	 Wife	 Female	40
58	 Self-emp-not-inc	35723	 HS-grad	 Married-civ-spouse	 Husband	 Male	60
19	 Private	262601	 HS-grad	 Never-married	 Own-child	 Female	14
21	 Private	226181	 Bachelors	 Never-married	 Not-in-family	 Male	40
33	 Private	175697	 Bachelors	 Married-civ-spouse	 Husband	 Male	60
47	 Self-emp-inc	248145	 5th-6th	 Married-civ-spouse	 Husband	 Male	50
52	 Self-emp-not-inc	289436	 Doctorate	 Married-civ-spouse	 Husband	 Male	60
26	 Private	75654	 HS-grad	 Divorced	 Not-in-family	 Male	55
60	 Private	199378	 HS-grad	 Married-civ-spouse	 Husband	 Male	40
21	 Private	160968	 Some-college	 Never-married	 Own-child	 Male	40
36	 Private	188563	 Some-college	 Married-civ-spouse	 Husband	 Male	50
31	 Private	55849	 Some-college	 Married-civ-spouse	 Husband	 Male	45
50	 Self-emp-inc	195322	 Doctorate	 Separated	 Not-in-family	 Male	40
31	 Local-gov	402089	 HS-grad	 Divorced	 Unmarried	 Female	40
71	 Private	78277	 HS-grad	 Married-civ-spouse	 Husband	 Male	15
58	 ?	158611	 HS-grad	 Married-civ-spouse	 Husband	 Male	50
30	 State-gov	169496	 Bachelors	 Married-civ-spouse	 Husband	 Male	40
20	 Private	130959	 Some-college	 Never-married	 Own-child	 Male	20
24	 Private	556660	 HS-grad	 Never-married	 Other-relative	 Male	50
35	 Private	292472	 Doctorate	 Married-civ-spouse	 Husband	 Male	40
38	 State-gov	143774	 Some-college	 Separated	 Not-in-family	 Female	45
27	 Private	288341	 HS-grad	 Never-married	 Own-child	 Female	32
29	 State-gov	71592	 Some-college	 Never-married	 Unmarried	 Female	40
70	 ?	167358	 9th	 Widowed	 Unmarried	 Female	15
34	 Private	106742	 HS-grad	 Married-civ-spouse	 Husband	 Male	45
44	 Private	219288	 7th-8th	 Married-civ-spouse	 Husband	 Male	35
43	 Private	174524	 HS-grad	 Married-civ-spouse	 Husband	 Male	40
44	 Self-emp-not-inc	335183	 12th	 Married-civ-spouse	 Husband	 Male	40
35	 Private	261293	 Masters	 Never-married	 Not-in-family	 Male	60
27	 Private	111900	 Some-college	 Never-married	 Not-in-family	 Male	40
43	 Local-gov	194360	 Masters	 Never-married	 Not-in-family	 Male	38
20	 Private	81145	 Some-college	 Never-married	 Not-in-family	 Female	25
42	 Private	341204	 Assoc-acdm	 Divorced	 Unmarried	 Female	40
27	 State-gov	249362	 Some-college	 Married-civ-spouse	 Husband	 Male	40
42	 Private	247019	 HS-grad	 Married-civ-spouse	 Husband	 Male	40
20	 ?	114746	 11th	 Married-spouse-absent	 Own-child	 Female	40
24	 Private	172146	 9th	 Never-married	 Not-in-family	 Male	40
48	 Federal-gov	110457	 Some-college	 Divorced	 Not-in-family	 Male	40
17	 ?	80077	 11th	 Never-married	 Own-child	 Female	20
17	 Self-emp-not-inc	368700	 11th	 Never-married	 Own-child	 Male	10
33	 Private	182556	 Bachelors	 Married-civ-spouse	 Husband	 Male	40
50	 Self-emp-inc	219420	 HS-grad	 Married-civ-spouse	 Husband	 Male	50
22	 Private	240817	 HS-grad	 Never-married	 Own-child	 Female	40
17	 Private	102726	 12th	 Never-married	 Own-child	 Male	16
32	 Private	226267	 Some-college	 Married-civ-spouse	 Husband	 Male	40
31	 Private	125457	 HS-grad	 Never-married	 Not-in-family	 Male	45
58	 Self-emp-not-inc	204021	 HS-grad	 Widowed	 Not-in-family	 Male	50
29	 Local-gov	92262	 HS-grad	 Never-married	 Own-child	 Male	48
37	 Private	161141	 Assoc-voc	 Married-civ-spouse	 Husband	 Male	40
34	 Self-emp-not-inc	190290	 HS-grad	 Married-civ-spouse	 Husband	 Male	40
23	 Local-gov	430828	 Some-college	 Separated	 Unmarried	 Male	40
18	 State-gov	59342	 11th	 Never-married	 Own-child	 Female	5
34	 Private	136721	 HS-grad	 Divorced	 Not-in-family	 Female	40
66	 ?	149422	 7th-8th	 Never-married	 Not-in-family	 Male	4
45	 Local-gov	86644	 Bachelors	 Married-civ-spouse	 Wife	 Female	55
41	 Private	195124	 Masters	 Never-married	 Not-in-family	 Male	35
26	 Private	167350	 HS-grad	 Never-married	 Other-relative	 Male	30
54	 Local-gov	113000	 Some-college	 Married-civ-spouse	 Husband	 Male	40
24	 Private	140027	 Some-college	 Never-married	 Own-child	 Female	45
42	 Private	262425	 Some-college	 Married-civ-spouse	 Husband	 Male	50
20	 Private	316702	 Some-college	 Never-married	 Own-child	 Male	20
23	 State-gov	335453	 Bachelors	 Never-married	 Not-in-family	 Female	20
25	 ?	202480	 Assoc-acdm	 Never-married	 Other-relative	 Male	45
35	 Private	203628	 Masters	 Never-married	 Not-in-family	 Male	60
31	 Private	118710	 Masters	 Married-civ-spouse	 Husband	 Male	40
30	 Private	189620	 Bachelors	 Never-married	 Own-child	 Female	40
19	 Private	475028	 HS-grad	 Never-married	 Own-child	 Female	20
36	 Local-gov	110866	 Bachelors	 Never-married	 Not-in-family	 Male	50
31	 Private	243605	 Bachelors	 Widowed	 Unmarried	 Female	40
21	 Private	163870	 Some-college	 Never-married	 Own-child	 Male	30
31	 Self-emp-not-inc	80145	 Some-college	 Married-civ-spouse	 Husband	 Male	40
46	 Private	295566	 Doctorate	 Divorced	 Unmarried	 Female	65
44	 Private	63042	 Bachelors	 Divorced	 Own-child	 Female	50
40	 Private	229148	 12th	 Married-civ-spouse	 Husband	 Male	40
45	 Private	242552	 Some-college	 Never-married	 Not-in-family	 Male	40
60	 Private	177665	 HS-grad	 Married-civ-spouse	 Husband	 Male	35
18	 Private	208103	 11th	 Never-married	 Other-relative	 Male	25
28	 Private	296450	 Bachelors	 Married-civ-spouse	 Husband	 Male	40
36	 Private	70282	 Some-college	 Divorced	 Unmarried	 Female	40
36	 Private	271767	 Bachelors	 Separated	 Not-in-family	 Male	40
40	 Private	144995	 Assoc-voc	 Married-civ-spouse	 Husband	 Male	40
36	 Local-gov	382635	 Bachelors	 Divorced	 Unmarried	 Female	35
31	 Private	295697	 HS-grad	 Separated	 Unmarried	 Female	40
33	 Private	194141	 HS-grad	 Married-civ-spouse	 Husband	 Male	40
19	 State-gov	378418	 HS-grad	 Never-married	 Own-child	 Female	40
22	 Private	214399	 Some-college	 Never-married	 Own-child	 Female	15
34	 Private	217460	 Bachelors	 Married-civ-spouse	 Husband	 Male	45
33	 Private	182556	 HS-grad	 Never-married	 Not-in-family	 Male	40
41	 Private	125831	 HS-grad	 Married-civ-spouse	 Husband	 Male	60
29	 Private	271328	 Bachelors	 Never-married	 Not-in-family	 Male	40
50	 Local-gov	50459	 HS-grad	 Married-civ-spouse	 Husband	 Male	42
42	 Private	162140	 Bachelors	 Married-civ-spouse	 Husband	 Male	45
43	 Private	177937	 Bachelors	 Never-married	 Not-in-family	 Male	40
44	 Private	111502	 HS-grad	 Married-civ-spouse	 Wife	 Female	40
20	 Private	299047	 Some-college	 Never-married	 Not-in-family	 Female	20
31	 Private	223212	 HS-grad	 Married-civ-spouse	 Husband	 Male	40
65	 Self-emp-not-inc	118474	 11th	 Married-civ-spouse	 Husband	 Male	59
23	 Private	352139	 Some-college	 Never-married	 Not-in-family	 Female	24
55	 Private	173093	 Some-college	 Divorced	 Not-in-family	 Female	40
26	 Private	181655	 Assoc-voc	 Married-civ-spouse	 Husband	 Male	45
25	 Private	332702	 Assoc-voc	 Never-married	 Own-child	 Female	15
45	 ?	51164	 Some-college	 Married-civ-spouse	 Wife	 Female	40
35	 Private	234901	 Some-college	 Married-civ-spouse	 Husband	 Male	40
36	 Private	131414	 Some-college	 Never-married	 Not-in-family	 Female	36
43	 State-gov	260960	 Bachelors	 Married-civ-spouse	 Husband	 Male	50
56	 Private	156052	 HS-grad	 Widowed	 Unmarried	 Female	20
42	 Private	279914	 Bachelors	 Married-civ-spouse	 Husband	 Male	40
19	 Private	192453	 Some-college	 Never-married	 Other-relative	 Female	25
55	 Self-emp-not-inc	200939	 HS-grad	 Married-civ-spouse	 Husband	 Male	72
42	 Private	151408	 Masters	 Never-married	 Not-in-family	 Female	50
26	 Private	112847	 Assoc-voc	 Never-married	 Own-child	 Male	40
17	 Private	316929	 12th	 Never-married	 Own-child	 Male	20
42	 Local-gov	126319	 Bachelors	 Married-civ-spouse	 Wife	 Female	40
55	 Private	197422	 HS-grad	 Married-civ-spouse	 Husband	 Male	40
32	 Private	267736	 Some-college	 Never-married	 Own-child	 Female	40
29	 Private	267034	 11th	 Never-married	 Own-child	 Male	40
46	 State-gov	193047	 Bachelors	 Married-civ-spouse	 Husband	 Male	37
29	 State-gov	356089	 Bachelors	 Married-civ-spouse	 Husband	 Male	40
22	 Private	223515	 Bachelors	 Never-married	 Unmarried	 Male	20
58	 Self-emp-not-inc	87510	 10th	 Married-civ-spouse	 Husband	 Male	40
23	 Private	145111	 HS-grad	 Never-married	 Unmarried	 Male	50
39	 Private	48093	 HS-grad	 Never-married	 Not-in-family	 Male	40
27	 Private	31757	 Assoc-voc	 Never-married	 Own-child	 Male	38
54	 Private	285854	 HS-grad	 Married-civ-spouse	 Husband	 Male	40
33	 Local-gov	120064	 Bachelors	 Never-married	 Not-in-family	 Female	45
46	 Federal-gov	167381	 HS-grad	 Married-civ-spouse	 Wife	 Female	40
37	 Private	103408	 HS-grad	 Never-married	 Not-in-family	 Male	40
36	 Private	101460	 HS-grad	 Never-married	 Not-in-family	 Female	18
59	 Local-gov	420537	 HS-grad	 Married-civ-spouse	 Wife	 Female	38
34	 Local-gov	119411	 HS-grad	 Divorced	 Unmarried	 Male	40
53	 Self-emp-inc	128272	 Doctorate	 Married-civ-spouse	 Husband	 Male	70
51	 Private	386773	 Bachelors	 Never-married	 Not-in-family	 Male	55
32	 Private	283268	 10th	 Separated	 Unmarried	 Female	42
31	 State-gov	301526	 Some-college	 Married-spouse-absent	 Other-relative	 Male	40
22	 Private	151790	 Some-college	 Married-civ-spouse	 Wife	 Female	30
47	 Self-emp-not-inc	106252	 Bachelors	 Divorced	 Not-in-family	 Female	50
32	 Private	188557	 HS-grad	 Never-married	 Not-in-family	 Male	40
26	 Private	171114	 Some-college	 Never-married	 Not-in-family	 Female	38
37	 Private	327323	 5th-6th	 Separated	 Not-in-family	 Male	32
31	 Private	244147	 HS-grad	 Divorced	 Unmarried	 Male	55
37	 Private	280282	 Assoc-voc	 Married-civ-spouse	 Wife	 Female	24
55	 Private	116442	 HS-grad	 Never-married	 Not-in-family	 Male	38
23	 Local-gov	282579	 Assoc-voc	 Divorced	 Not-in-family	 Male	56
36	 Private	51838	 Some-college	 Divorced	 Unmarried	 Female	40
34	 Private	73585	 Masters	 Married-civ-spouse	 Husband	 Male	40
43	 Private	226902	 Bachelors	 Married-civ-spouse	 Husband	 Male	50
54	 Private	279129	 Some-college	 Never-married	 Not-in-family	 Male	40
43	 State-gov	146908	 Some-college	 Married-civ-spouse	 Husband	 Male	40
28	 Private	196690	 Assoc-voc	 Never-married	 Not-in-family	 Female	42
40	 Private	130760	 Assoc-voc	 Married-civ-spouse	 Husband	 Male	50
41	 Self-emp-not-inc	49572	 Some-college	 Married-civ-spouse	 Husband	 Male	60
40	 Private	237601	 Bachelors	 Never-married	 Not-in-family	 Female	55
42	 Private	169628	 Some-college	 Divorced	 Not-in-family	 Female	38
61	 Self-emp-not-inc	36671	 HS-grad	 Married-civ-spouse	 Husband	 Male	50
18	 Private	231193	 12th	 Never-married	 Own-child	 Male	30
59	 ?	192130	 HS-grad	 Married-civ-spouse	 Husband	 Male	16
21	 ?	149704	 HS-grad	 Never-married	 Not-in-family	 Female	40
48	 Private	102102	 Assoc-voc	 Married-civ-spouse	 Husband	 Male	50
41	 Self-emp-inc	32185	 Bachelors	 Married-civ-spouse	 Husband	 Male	40
18	 ?	196061	 Some-college	 Never-married	 Own-child	 Male	33
23	 Private	211046	 HS-grad	 Never-married	 Not-in-family	 Female	40
60	 Private	31577	 HS-grad	 Married-civ-spouse	 Husband	 Male	60
22	 Private	162343	 Some-college	 Never-married	 Other-relative	 Male	20
61	 Private	128831	 HS-grad	 Married-civ-spouse	 Husband	 Male	40
25	 Private	316688	 HS-grad	 Never-married	 Not-in-family	 Male	40
46	 Private	90758	 Masters	 Never-married	 Not-in-family	 Male	35
43	 Private	274363	 Bachelors	 Married-civ-spouse	 Husband	 Male	40
43	 Private	154538	 Assoc-acdm	 Divorced	 Not-in-family	 Male	40
24	 Private	106085	 HS-grad	 Never-married	 Own-child	 Male	30
68	 Self-emp-not-inc	315859	 11th	 Never-married	 Unmarried	 Male	20
31	 Private	51471	 HS-grad	 Divorced	 Unmarried	 Female	38
17	 Private	193830	 11th	 Never-married	 Own-child	 Female	20
32	 Private	231043	 HS-grad	 Married-civ-spouse	 Husband	 Male	48
50	 ?	23780	 Masters	 Married-spouse-absent	 Other-relative	 Male	40
33	 Private	169879	 Bachelors	 Married-civ-spouse	 Husband	 Male	47
64	 Private	270333	 Bachelors	 Married-civ-spouse	 Husband	 Male	40
20	 Private	138768	 HS-grad	 Never-married	 Own-child	 Male	30
30	 Private	191571	 HS-grad	 Separated	 Own-child	 Female	36
22	 ?	219941	 Some-college	 Never-married	 Own-child	 Male	40
43	 Private	94113	 Some-college	 Divorced	 Not-in-family	 Male	45
22	 Private	137510	 Some-college	 Never-married	 Own-child	 Male	40
17	 Private	32607	 10th	 Never-married	 Own-child	 Male	20
47	 Self-emp-not-inc	93208	 HS-grad	 Married-civ-spouse	 Wife	 Female	75
41	 Private	254440	 Assoc-voc	 Never-married	 Not-in-family	 Female	60
56	 Private	186556	 Some-college	 Married-civ-spouse	 Husband	 Male	50
64	 Private	169871	 HS-grad	 Married-civ-spouse	 Husband	 Male	45
47	 Private	191277	 HS-grad	 Married-civ-spouse	 Husband	 Male	50
48	 Private	167159	 Assoc-voc	 Never-married	 Unmarried	 Male	40
31	 Private	171871	 Masters	 Never-married	 Not-in-family	 Female	46
29	 Private	154411	 Assoc-voc	 Never-married	 Own-child	 Male	40
30	 Private	129227	 HS-grad	 Widowed	 Not-in-family	 Female	40
32	 Private	110331	 HS-grad	 Married-civ-spouse	 Husband	 Male	60
57	 Private	34269	 HS-grad	 Widowed	 Unmarried	 Male	42
62	 Private	174355	 HS-grad	 Widowed	 Not-in-family	 Female	40
39	 Private	680390	 HS-grad	 Separated	 Unmarried	 Female	24
43	 Private	233130	 Some-college	 Never-married	 Not-in-family	 Male	25
24	 Self-emp-inc	165474	 Bachelors	 Never-married	 Own-child	 Male	40
42	 ?	257780	 11th	 Married-civ-spouse	 Husband	 Male	15
53	 Private	194259	 Some-college	 Married-civ-spouse	 Wife	 Female	40
26	 Private	280093	 Some-college	 Never-married	 Own-child	 Male	40
73	 Self-emp-not-inc	177387	 HS-grad	 Married-civ-spouse	 Husband	 Male	40
72	 ?	28929	 11th	 Widowed	 Not-in-family	 Female	24
55	 Private	105304	 HS-grad	 Married-civ-spouse	 Husband	 Male	40
25	 Private	499233	 HS-grad	 Divorced	 Not-in-family	 Male	40
41	 Private	180572	 Bachelors	 Divorced	 Not-in-family	 Female	50
24	 Private	321435	 Bachelors	 Never-married	 Not-in-family	 Male	50
63	 Private	86108	 HS-grad	 Widowed	 Not-in-family	 Male	6
17	 Private	198124	 11th	 Never-married	 Own-child	 Male	20
35	 Private	135162	 Some-college	 Married-civ-spouse	 Husband	 Male	50
51	 Private	146813	 Some-college	 Married-civ-spouse	 Husband	 Male	40
62	 Local-gov	291175	 Bachelors	 Widowed	 Not-in-family	 Female	48
55	 Private	387569	 HS-grad	 Married-civ-spouse	 Husband	 Male	40
43	 Private	102895	 Some-college	 Divorced	 Not-in-family	 Male	40
40	 Local-gov	33274	 HS-grad	 Divorced	 Not-in-family	 Female	50
37	 Private	86551	 Bachelors	 Married-civ-spouse	 Husband	 Male	45
39	 Private	138192	 Bachelors	 Married-civ-spouse	 Husband	 Male	40
31	 Private	118966	 HS-grad	 Never-married	 Own-child	 Male	18
61	 Private	99784	 Masters	 Widowed	 Not-in-family	 Female	40
26	 Private	90980	 Assoc-voc	 Divorced	 Not-in-family	 Female	55
46	 Self-emp-not-inc	177407	 HS-grad	 Married-civ-spouse	 Husband	 Male	50
26	 Private	96467	 Bachelors	 Never-married	 Not-in-family	 Female	40
48	 State-gov	327886	 Doctorate	 Divorced	 Own-child	 Male	50
34	 Private	111567	 HS-grad	 Never-married	 Own-child	 Male	40
34	 Local-gov	166545	 HS-grad	 Never-married	 Own-child	 Female	40
59	 Private	142182	 HS-grad	 Married-civ-spouse	 Husband	 Male	40
34	 Private	188798	 Bachelors	 Never-married	 Own-child	 Female	40
49	 Private	38563	 Bachelors	 Never-married	 Not-in-family	 Female	56
18	 Private	216284	 11th	 Never-married	 Own-child	 Female	20
43	 Private	191547	 HS-grad	 Married-civ-spouse	 Husband	 Male	40
48	 Private	285335	 11th	 Married-civ-spouse	 Husband	 Male	50
28	 Self-emp-inc	142712	 Some-college	 Married-civ-spouse	 Husband	 Male	70
33	 Private	80945	 HS-grad	 Married-civ-spouse	 Husband	 Male	40
24	 Private	309055	 Some-college	 Never-married	 Not-in-family	 Female	15
21	 Private	62339	 10th	 Never-married	 Not-in-family	 Male	40
17	 Private	368700	 11th	 Never-married	 Own-child	 Male	28
39	 Private	176186	 Some-college	 Married-civ-spouse	 Husband	 Male	50
29	 Self-emp-not-inc	266855	 Bachelors	 Separated	 Own-child	 Male	40
44	 Private	48087	 Bachelors	 Married-civ-spouse	 Husband	 Male	40
24	 Private	121313	 Some-college	 Never-married	 Own-child	 Male	50
71	 Self-emp-not-inc	143437	 Masters	 Married-civ-spouse	 Husband	 Male	40
51	 Self-emp-not-inc	160724	 Bachelors	 Married-civ-spouse	 Husband	 Male	40
55	 Private	282753	 5th-6th	 Divorced	 Unmarried	 Male	25
41	 Private	194636	 Bachelors	 Married-civ-spouse	 Husband	 Male	60
23	 Private	153044	 HS-grad	 Never-married	 Unmarried	 Female	7
38	 Private	411797	 Assoc-voc	 Divorced	 Unmarried	 Female	40
39	 Private	117683	 HS-grad	 Married-civ-spouse	 Husband	 Male	40
19	 Private	376540	 HS-grad	 Never-married	 Not-in-family	 Female	30
49	 Private	72393	 9th	 Divorced	 Not-in-family	 Female	40
32	 Private	270335	 Bachelors	 Married-civ-spouse	 Other-relative	 Male	40
27	 Private	96226	 HS-grad	 Married-civ-spouse	 Husband	 Male	70
38	 Private	95336	 Bachelors	 Married-civ-spouse	 Husband	 Male	50
33	 Private	258498	 Some-college	 Married-civ-spouse	 Wife	 Female	60
63	 ?	149698	 Some-college	 Married-civ-spouse	 Husband	 Male	15
23	 Private	205865	 Bachelors	 Never-married	 Own-child	 Male	28
33	 Self-emp-inc	155781	 Some-college	 Married-civ-spouse	 Husband	 Male	60
54	 Self-emp-not-inc	406468	 HS-grad	 Married-civ-spouse	 Husband	 Male	40
29	 Private	177119	 Assoc-voc	 Divorced	 Not-in-family	 Female	45
48	 ?	144397	 Some-college	 Divorced	 Unmarried	 Female	30
35	 Self-emp-not-inc	372525	 Bachelors	 Never-married	 Not-in-family	 Male	40
28	 Private	164170	 Assoc-voc	 Married-civ-spouse	 Wife	 Female	40
37	 Private	183800	 Bachelors	 Married-civ-spouse	 Husband	 Male	50
42	 Self-emp-not-inc	177307	 Prof-school	 Married-civ-spouse	 Husband	 Male	65
40	 Private	170108	 Masters	 Married-civ-spouse	 Husband	 Male	40
47	 Private	341995	 Some-college	 Divorced	 Own-child	 Male	55
22	 Private	226508	 Bachelors	 Never-married	 Own-child	 Female	50
30	 Private	87418	 Bachelors	 Married-civ-spouse	 Husband	 Male	45
28	 Private	109165	 HS-grad	 Married-civ-spouse	 Husband	 Male	40
63	 Local-gov	28856	 7th-8th	 Married-civ-spouse	 Husband	 Male	55
51	 Self-emp-not-inc	175897	 9th	 Married-civ-spouse	 Husband	 Male	20
22	 Private	99697	 HS-grad	 Never-married	 Own-child	 Female	40
27	 ?	90270	 Assoc-acdm	 Married-civ-spouse	 Own-child	 Male	40
35	 Private	152375	 HS-grad	 Never-married	 Not-in-family	 Male	45
46	 Private	171550	 HS-grad	 Divorced	 Not-in-family	 Female	38
37	 Private	211154	 Some-college	 Divorced	 Not-in-family	 Male	52
24	 Private	202570	 Bachelors	 Never-married	 Own-child	 Male	15
37	 Self-emp-not-inc	168496	 HS-grad	 Divorced	 Own-child	 Male	10
53	 Private	68898	 Some-college	 Married-civ-spouse	 Husband	 Male	40
27	 Private	93235	 HS-grad	 Never-married	 Not-in-family	 Male	30
38	 Private	278924	 Some-college	 Divorced	 Not-in-family	 Male	44
53	 Self-emp-not-inc	311020	 10th	 Married-civ-spouse	 Husband	 Male	60
34	 Private	175878	 Some-college	 Never-married	 Not-in-family	 Male	40
23	 Private	543028	 HS-grad	 Never-married	 Own-child	 Male	40
39	 Private	202027	 Bachelors	 Married-civ-spouse	 Husband	 Male	45
43	 Private	158926	 Masters	 Married-civ-spouse	 Wife	 Female	50
67	 Self-emp-inc	76860	 HS-grad	 Married-civ-spouse	 Husband	 Male	40
81	 Self-emp-not-inc	136063	 HS-grad	 Married-civ-spouse	 Husband	 Male	30
21	 Private	186648	 Some-college	 Never-married	 Own-child	 Male	20
23	 Private	257509	 Some-college	 Never-married	 Not-in-family	 Male	25
25	 Private	98155	 Some-college	 Never-married	 Unmarried	 Male	40
42	 Private	274198	 5th-6th	 Married-civ-spouse	 Wife	 Female	38
38	 Private	97083	 Some-college	 Married-civ-spouse	 Wife	 Female	40
64	 ?	29825	 HS-grad	 Married-civ-spouse	 Husband	 Male	5
32	 Private	262153	 HS-grad	 Married-civ-spouse	 Husband	 Male	40
37	 Private	214738	 HS-grad	 Married-civ-spouse	 Husband	 Male	40
51	 Private	138022	 Masters	 Married-civ-spouse	 Husband	 Male	60
22	 Private	91842	 Some-college	 Never-married	 Not-in-family	 Female	42
33	 Private	373662	 1st-4th	 Married-spouse-absent	 Not-in-family	 Female	40
42	 Private	162003	 HS-grad	 Divorced	 Not-in-family	 Male	55
19	 ?	52114	 Some-college	 Never-married	 Own-child	 Female	10
51	 Local-gov	241843	 Preschool	 Married-civ-spouse	 Husband	 Male	40
23	 Private	375871	 HS-grad	 Married-civ-spouse	 Wife	 Female	40
37	 Private	186934	 11th	 Married-civ-spouse	 Husband	 Male	44
37	 Private	176900	 HS-grad	 Married-civ-spouse	 Husband	 Male	99
47	 Private	21906	 Masters	 Never-married	 Not-in-family	 Female	25
41	 Private	132222	 Prof-school	 Married-civ-spouse	 Husband	 Male	40
33	 Private	143653	 HS-grad	 Married-civ-spouse	 Husband	 Male	30
31	 Private	111567	 Bachelors	 Never-married	 Not-in-family	 Male	40
31	 Private	78602	 Assoc-acdm	 Divorced	 Unmarried	 Female	40
35	 Private	465507	 HS-grad	 Married-civ-spouse	 Husband	 Male	40
38	 Self-emp-inc	196373	 HS-grad	 Married-civ-spouse	 Husband	 Male	40
18	 Private	293227	 HS-grad	 Never-married	 Not-in-family	 Female	45
20	 Private	241752	 HS-grad	 Married-civ-spouse	 Husband	 Male	40
54	 Local-gov	166398	 Some-college	 Divorced	 Unmarried	 Female	35
40	 Private	184682	 Some-college	 Divorced	 Unmarried	 Female	40
36	 Self-emp-inc	108293	 Bachelors	 Married-civ-spouse	 Wife	 Female	45
43	 Private	250802	 Some-college	 Divorced	 Unmarried	 Male	35
44	 Self-emp-not-inc	325159	 Some-college	 Divorced	 Unmarried	 Male	40
44	 State-gov	174675	 HS-grad	 Married-civ-spouse	 Wife	 Female	40
43	 Private	227065	 Masters	 Married-civ-spouse	 Husband	 Male	43
51	 Private	269080	 7th-8th	 Widowed	 Unmarried	 Female	40
18	 Private	177722	 HS-grad	 Never-married	 Own-child	 Female	20
51	 Private	133461	 Some-college	 Married-civ-spouse	 Husband	 Male	40
41	 Private	239683	 10th	 Married-civ-spouse	 Husband	 Male	30
44	 Self-emp-inc	398473	 Some-college	 Married-civ-spouse	 Husband	 Male	70
33	 Local-gov	298785	 10th	 Divorced	 Not-in-family	 Male	40
33	 Self-emp-not-inc	123424	 Bachelors	 Married-civ-spouse	 Husband	 Male	40
42	 Private	176286	 Assoc-acdm	 Married-civ-spouse	 Husband	 Male	40
25	 Private	150062	 Some-college	 Married-civ-spouse	 Husband	 Male	45
32	 Private	169240	 HS-grad	 Divorced	 Not-in-family	 Female	38
32	 Private	288273	 Bachelors	 Married-civ-spouse	 Husband	 Male	70
36	 Private	526968	 10th	 Divorced	 Unmarried	 Female	40
28	 Private	57066	 HS-grad	 Married-civ-spouse	 Husband	 Male	40
20	 Private	323573	 HS-grad	 Never-married	 Own-child	 Female	20
35	 Self-emp-inc	368825	 Some-college	 Married-civ-spouse	 Husband	 Male	60
55	 Self-emp-not-inc	189721	 HS-grad	 Married-civ-spouse	 Husband	 Male	20
48	 Private	164966	 Bachelors	 Married-civ-spouse	 Husband	 Male	40
36	 ?	94954	 Assoc-voc	 Widowed	 Not-in-family	 Female	20
34	 Private	202046	 HS-grad	 Married-civ-spouse	 Husband	 Male	35
28	 Private	161538	 Bachelors	 Never-married	 Not-in-family	 Female	35
67	 Private	105252	 Bachelors	 Widowed	 Not-in-family	 Male	40
37	 Private	200153	 HS-grad	 Married-civ-spouse	 Husband	 Male	40
44	 Private	32185	 HS-grad	 Never-married	 Unmarried	 Male	70
25	 Private	178326	 Some-college	 Never-married	 Not-in-family	 Female	40
21	 Private	255957	 Some-college	 Never-married	 Not-in-family	 Female	40
40	 State-gov	188693	 Masters	 Married-civ-spouse	 Husband	 Male	35
